ChannelNumber,ChannelFreq (Hz),Anten1-Attenuator (dBm),Anten2-Attenuator (dBm)
1,2412,8.36843837,8.19282809
2,2417,8.34336885,8.3422037
3,2422,8.19468714,8.28438977
4,2427,8.33724247,8.44370776
5,2432,8.60303596,8.53387997
6,2437,8.59961157,8.73119971
7,2442,8.82727213,8.86829902
8,2447,8.96806927,8.91316279
9,2452,8.80496176,8.64414521
10,2457,9.04078832,9.05558859
11,2462,8.9945665,8.88483533
12,2467,8.98919168,8.97419251
13,2472,8.9559682,8.94868393
